{
  "Add Datos-/confirmation.php-37" : {
    "transaction" : "Add Datos-/confirmation.php-37",
    "sampleCount" : 50,
    "errorCount" : 0,
    "errorPct" : 0.0,
    "meanResTime" : 551.4800000000001,
    "medianResTime" : 485.0,
    "minResTime" : 301.0,
    "maxResTime" : 1354.0,
    "pct1ResTime" : 835.4999999999999,
    "pct2ResTime" : 1142.7499999999998,
    "pct3ResTime" : 1354.0,
    "throughput" : 12.639029322548028,
    "receivedKBytesPerSec" : 18.960518832153692,
    "sentKBytesPerSec" : 10.306239730788676
  },
  "Select Vuelo-/purchase.php-36" : {
    "transaction" : "Select Vuelo-/purchase.php-36",
    "sampleCount" : 50,
    "errorCount" : 0,
    "errorPct" : 0.0,
    "meanResTime" : 522.48,
    "medianResTime" : 457.0,
    "minResTime" : 315.0,
    "maxResTime" : 1066.0,
    "pct1ResTime" : 934.5,
    "pct2ResTime" : 1048.8,
    "pct3ResTime" : 1066.0,
    "throughput" : 12.919896640826872,
    "receivedKBytesPerSec" : 21.920926195090438,
    "sentKBytesPerSec" : 8.869811854005167
  },
  "Home Page-/-32" : {
    "transaction" : "Home Page-/-32",
    "sampleCount" : 50,
    "errorCount" : 0,
    "errorPct" : 0.0,
    "meanResTime" : 1336.5999999999997,
    "medianResTime" : 1006.0,
    "minResTime" : 661.0,
    "maxResTime" : 2995.0,
    "pct1ResTime" : 2367.0,
    "pct2ResTime" : 2873.0499999999993,
    "pct3ResTime" : 2995.0,
    "throughput" : 8.372404554588078,
    "receivedKBytesPerSec" : 11.831254186202276,
    "sentKBytesPerSec" : 4.00632639819156
  },
  "Total" : {
    "transaction" : "Total",
    "sampleCount" : 200,
    "errorCount" : 0,
    "errorPct" : 0.0,
    "meanResTime" : 730.3799999999998,
    "medianResTime" : 542.5,
    "minResTime" : 301.0,
    "maxResTime" : 2995.0,
    "pct1ResTime" : 1210.1000000000001,
    "pct2ResTime" : 2065.949999999998,
    "pct3ResTime" : 2975.1100000000015,
    "throughput" : 7.328691828508612,
    "receivedKBytesPerSec" : 11.128017359838768,
    "sentKBytesPerSec" : 4.782615541407109
  },
  "Select Cuidades-/reserve.php-35" : {
    "transaction" : "Select Cuidades-/reserve.php-35",
    "sampleCount" : 50,
    "errorCount" : 0,
    "errorPct" : 0.0,
    "meanResTime" : 510.95999999999987,
    "medianResTime" : 428.5,
    "minResTime" : 303.0,
    "maxResTime" : 1213.0,
    "pct1ResTime" : 797.3,
    "pct2ResTime" : 1086.3999999999996,
    "pct3ResTime" : 1213.0,
    "throughput" : 13.058239749281798,
    "receivedKBytesPerSec" : 19.113488345521024,
    "sentKBytesPerSec" : 8.225160779576912
  }
}